<?xml version="1.0" encoding="UTF-8" standalone="yes"?>
<addon id="repository.theblackghost" name="The Black Ghost Repo" version="0.0.2" provider-name="BlackGhost">
    <extension point="xbmc.addon.repository" name="theblackghost">
		<dir>
			<info>https://files.techmc.es/kodi/blackghost/repo/addons.xml</info>
			<checksum>https://files.techmc.es/kodi/blackghost/repo/addons.xml.md5</checksum>
			<datadir zip="true">https://files.techmc.es/kodi/blackghost/repo/</datadir>
		 </dir>
    </extension>
    <extension point="xbmc.addon.metadata">
		<platform>all</platform>
        <summary>Black all Black Ghost</summary>
		<description lang="en_GB">Black Ghost REPO</description>
		<description lang="es_ES">Black Ghost Repositorio</description>
        <license></license>
		<language></language>
		<website></website>
		<news></news>
		<assets>
			<icon>icon.png</icon>
			<fanart>fanart.jpg</fanart>
		</assets> 
    </extension>
</addon>

